<?xml version="1.0" encoding="UTF-8"?>
<addon 
    id="plugin.video.mevosrt" 
    name="Mevo Dual SRT Viewer" 
    version="1.0.0" 
    provider-name="Jesús Barrios">
    <requires>
        <import addon="xbmc.python" version="3.0.0"/>
        <import addon="script.module.requests" version="2.27.0"/>
    </requires>
    <extension point="xbmc.python.pluginsource" library="resources/lib/default.py">
        <provides>video</provides>
    </extension>
    <extension point="xbmc.addon.metadata">
        <summary>Reproduce 2 cámaras Mevo vía SRT en simultáneo</summary>
        <description>Usa Picture-in-Picture o ventanas personalizadas.</description>
        <platform>all</platform>
        <assets>
            <icon>icon.png</icon>
            <fanart>fanart.jpg</fanart>
        </assets>
    </extension>
</addon>